{"cameraMode":{"drawMode":0,"name":"Shaded","section":"Shading Mode"},"sceneLighting":true,"audioPlay":false,"sceneViewState":{"m_AlwaysRefresh":true,"showFog":true,"showSkybox":true,"showFlares":true,"showImageEffects":true,"showParticleSystems":true,"showVisualEffectGraphs":true,"m_FxEnabled":true},"in2DMode":false,"pivot":{"x":1.3394603729248047,"y":-1.2079920768737794,"z":-0.1299114227294922},"rotation":{"x":0.047962695360183719,"y":-0.9494552612304688,"z":0.2523820698261261,"w":0.18042466044425965},"size":6.31517219543457,"orthographic":false}